"Card Type","question","answer","tags","id","next_appearance","date_added","Structure Image","structure_image"
"Class","What PFAS class is PFBA?","PFCA","1633,pfca,moderate","1","2026-07-10 13:32:55.100554","2026-07-02 10:45:04.873270","",""
"Head group","What head group does PFBA have?","Carboxylic acid / carboxylate","1633,pfca,moderate","2","2026-07-10 10:50:24.290661","2026-07-02 10:45:04.873270","",""
"Source","What source pattern is suggested by PFBA?","PFCA homolog pattern helps distinguish short-chain mobile plumes, fluorotelomer oxidation, wastewater/landfill signals, and PFOA-associated industrial history.","1633,pfca,moderate","3","2026-07-10 13:31:23.890072","2026-07-02 10:45:04.873270","",""
"Fate","Is PFBA terminal, a precursor, or an intermediate?","Terminal PFAA","1633,pfca,moderate","4","2026-07-09 13:31:26.121117","2026-07-02 10:45:04.873270","",""
"Class","What PFAS class is PFPeA?","PFCA","1633,pfca,moderate","5","2026-07-05 10:57:32.656831","2026-07-02 10:45:04.873270","",""
"Head group","What head group does PFPeA have?","Carboxylic acid / carboxylate","1633,pfca,moderate","6","2026-07-09 13:19:20.891812","2026-07-02 10:45:04.873270","",""
"Source","What source pattern is suggested by PFPeA?","PFCA homolog pattern helps distinguish short-chain mobile plumes, fluorotelomer oxidation, wastewater/landfill signals, and PFOA-associated industrial history.","1633,pfca,moderate","7","2026-07-03 15:37:20.965185","2026-07-02 10:45:04.873270","",""
"Fate","Is PFPeA terminal, a precursor, or an intermediate?","Terminal PFAA","1633,pfca,moderate","8","2026-07-03 15:37:26.398413","2026-07-02 10:45:04.873270","",""
"Class","What PFAS class is PFHxA?","PFCA","1633,pfca,moderate","9","2026-07-03 15:37:27.369891","2026-07-02 10:45:04.873270","",""
"Head group","What head group does PFHxA have?","Carboxylic acid / carboxylate","1633,pfca,moderate","10","2026-07-03 15:37:28.144994","2026-07-02 10:45:04.873270","",""
"Source","What source pattern is suggested by PFHxA?","PFCA homolog pattern helps distinguish short-chain mobile plumes, fluorotelomer oxidation, wastewater/landfill signals, and PFOA-associated industrial history.","1633,pfca,moderate","11","2026-07-03 15:37:29.118444","2026-07-02 10:45:04.873270","",""
"Fate","Is PFHxA terminal, a precursor, or an intermediate?","Terminal PFAA","1633,pfca,moderate","12","2026-07-03 15:37:36.490467","2026-07-02 10:45:04.873270","",""
"Class","What PFAS class is PFHpA?","PFCA","1633,pfca,moderate","13","2026-07-03 15:37:46.544239","2026-07-02 10:45:04.873270","",""
"Head group","What head group does PFHpA have?","Carboxylic acid / carboxylate","1633,pfca,moderate","14","2026-07-03 15:37:47.311791","2026-07-02 10:45:04.873270","",""
"Source","What source pattern is suggested by PFHpA?","PFCA homolog pattern helps distinguish short-chain mobile plumes, fluorotelomer oxidation, wastewater/landfill signals, and PFOA-associated industrial history.","1633,pfca,moderate","15","2026-07-03 15:37:47.573032","2026-07-02 10:45:04.873270","",""
"Fate","Is PFHpA terminal, a precursor, or an intermediate?","Terminal PFAA","1633,pfca,moderate","16","2026-07-03 15:37:47.812801","2026-07-02 10:45:04.873270","",""
"Class","What PFAS class is PFOA?","PFCA","1633,pfca,moderate","17","2026-07-03 15:37:48.139653","2026-07-02 10:45:04.873270","",""
"Head group","What head group does PFOA have?","Carboxylic acid / carboxylate","1633,pfca,moderate","18","2026-07-03 15:37:48.684029","2026-07-02 10:45:04.873270","",""
"Source","What source pattern is suggested by PFOA?","PFCA homolog pattern helps distinguish short-chain mobile plumes, fluorotelomer oxidation, wastewater/landfill signals, and PFOA-associated industrial history.","1633,pfca,moderate","19","2026-07-03 15:37:48.945107","2026-07-02 10:45:04.873270","",""
"Fate","Is PFOA terminal, a precursor, or an intermediate?","Terminal PFAA","1633,pfca,moderate","20","2026-07-03 15:37:49.527035","2026-07-02 10:45:04.873270","",""
"Class","What PFAS class is PFNA?","PFCA","1633,pfca,low","21","2026-07-03 15:37:49.974649","2026-07-02 10:45:04.873270","",""
"Head group","What head group does PFNA have?","Carboxylic acid / carboxylate","1633,pfca,low","22","2026-07-03 15:37:50.223369","2026-07-02 10:45:04.873270","",""
"Source","What source pattern is suggested by PFNA?","PFCA homolog pattern helps distinguish short-chain mobile plumes, fluorotelomer oxidation, wastewater/landfill signals, and PFOA-associated industrial history.","1633,pfca,low","23","2026-07-03 15:37:50.451140","2026-07-02 10:45:04.873270","",""
"Fate","Is PFNA terminal, a precursor, or an intermediate?","Terminal PFAA","1633,pfca,low","24","2026-07-03 15:37:50.691647","2026-07-02 10:45:04.873270","",""
"Class","What PFAS class is PFDA?","PFCA","1633,pfca,low","25","2026-07-03 15:37:51.066771","2026-07-02 10:45:04.873270","",""
"Head group","What head group does PFDA have?","Carboxylic acid / carboxylate","1633,pfca,low","26","2026-07-03 15:37:52.602483","2026-07-02 10:45:04.873270","",""
"Source","What source pattern is suggested by PFDA?","PFCA homolog pattern helps distinguish short-chain mobile plumes, fluorotelomer oxidation, wastewater/landfill signals, and PFOA-associated industrial history.","1633,pfca,low","27","2026-07-03 15:38:05.637075","2026-07-02 10:45:04.873270","",""
"Fate","Is PFDA terminal, a precursor, or an intermediate?","Terminal PFAA","1633,pfca,low","28","2026-07-03 15:38:07.098701","2026-07-02 10:45:04.873270","",""
"Class","What PFAS class is PFUnA?","PFCA","1633,pfca,low","29","2026-07-03 15:38:08.372552","2026-07-02 10:45:04.873270","",""
"Head group","What head group does PFUnA have?","Carboxylic acid / carboxylate","1633,pfca,low","30","2026-07-03 15:57:08.797868","2026-07-02 10:45:04.873270","",""
"Source","What source pattern is suggested by PFUnA?","PFCA homolog pattern helps distinguish short-chain mobile plumes, fluorotelomer oxidation, wastewater/landfill signals, and PFOA-associated industrial history.","1633,pfca,low","31","2026-07-03 15:57:12.647012","2026-07-02 10:45:04.873270","",""
"Fate","Is PFUnA terminal, a precursor, or an intermediate?","Terminal PFAA","1633,pfca,low","32","2026-07-03 15:57:14.240673","2026-07-02 10:45:04.873270","",""
"Class","What PFAS class is PFDoA?","PFCA","1633,pfca,low","33","2026-07-03 15:57:16.050294","2026-07-02 10:45:04.873270","",""
"Head group","What head group does PFDoA have?","Carboxylic acid / carboxylate","1633,pfca,low","34","2026-07-03 15:57:17.879401","2026-07-02 10:45:04.873270","",""
"Source","What source pattern is suggested by PFDoA?","PFCA homolog pattern helps distinguish short-chain mobile plumes, fluorotelomer oxidation, wastewater/landfill signals, and PFOA-associated industrial history.","1633,pfca,low","35","2026-07-03 15:57:19.599936","2026-07-02 10:45:04.873270","",""
"Fate","Is PFDoA terminal, a precursor, or an intermediate?","Terminal PFAA","1633,pfca,low","36","2026-07-03 15:57:21.694595","2026-07-02 10:45:04.873270","",""
"Class","What PFAS class is PFTrDA?","PFCA","1633,pfca,low","37","2020-01-01 00:00:00.000000","2026-07-02 10:45:04.873270","",""
"Head group","What head group does PFTrDA have?","Carboxylic acid / carboxylate","1633,pfca,low","38","2020-01-01 00:00:00.000000","2026-07-02 10:45:04.873270","",""
"Source","What source pattern is suggested by PFTrDA?","PFCA homolog pattern helps distinguish short-chain mobile plumes, fluorotelomer oxidation, wastewater/landfill signals, and PFOA-associated industrial history.","1633,pfca,low","39","2020-01-01 00:00:00.000000","2026-07-02 10:45:04.873270","",""
"Fate","Is PFTrDA terminal, a precursor, or an intermediate?","Terminal PFAA","1633,pfca,low","40","2020-01-01 00:00:00.000000","2026-07-02 10:45:04.873270","",""
"Class","What PFAS class is PFTeDA?","PFCA","1633,pfca,low","41","2020-01-01 00:00:00.000000","2026-07-02 10:45:04.873270","",""
"Head group","What head group does PFTeDA have?","Carboxylic acid / carboxylate","1633,pfca,low","42","2020-01-01 00:00:00.000000","2026-07-02 10:45:04.873270","",""
"Source","What source pattern is suggested by PFTeDA?","PFCA homolog pattern helps distinguish short-chain mobile plumes, fluorotelomer oxidation, wastewater/landfill signals, and PFOA-associated industrial history.","1633,pfca,low","43","2020-01-01 00:00:00.000000","2026-07-02 10:45:04.873270","",""
"Fate","Is PFTeDA terminal, a precursor, or an intermediate?","Terminal PFAA","1633,pfca,low","44","2020-01-01 00:00:00.000000","2026-07-02 10:45:04.873270","",""
"Class","What PFAS class is PFBS?","PFSA","1633,pfsa,moderate","45","2020-01-01 00:00:00.000000","2026-07-02 10:45:04.873270","",""
"Head group","What head group does PFBS have?","Sulfonic acid / sulfonate","1633,pfsa,moderate","46","2020-01-01 00:00:00.000000","2026-07-02 10:45:04.873270","",""
"Source","What source pattern is suggested by PFBS?","PFSA patterns, especially PFOS + PFHxS + branched isomers, strongly support legacy ECF/3M-type chemistry and can be AFFF-relevant.","1633,pfsa,moderate","47","2020-01-01 00:00:00.000000","2026-07-02 10:45:04.873270","",""
"Fate","Is PFBS terminal, a precursor, or an intermediate?","Terminal PFAA","1633,pfsa,moderate","48","2020-01-01 00:00:00.000000","2026-07-02 10:45:04.873270","",""
"Class","What PFAS class is PFPeS?","PFSA","1633,pfsa,moderate","49","2020-01-01 00:00:00.000000","2026-07-02 10:45:04.873270","",""
"Head group","What head group does PFPeS have?","Sulfonic acid / sulfonate","1633,pfsa,moderate","50","2020-01-01 00:00:00.000000","2026-07-02 10:45:04.873270","",""
"Source","What source pattern is suggested by PFPeS?","PFSA patterns, especially PFOS + PFHxS + branched isomers, strongly support legacy ECF/3M-type chemistry and can be AFFF-relevant.","1633,pfsa,moderate","51","2020-01-01 00:00:00.000000","2026-07-02 10:45:04.873270","",""
"Fate","Is PFPeS terminal, a precursor, or an intermediate?","Terminal PFAA","1633,pfsa,moderate","52","2020-01-01 00:00:00.000000","2026-07-02 10:45:04.873270","",""
"Class","What PFAS class is PFHxS?","PFSA","1633,pfsa,high","53","2020-01-01 00:00:00.000000","2026-07-02 10:45:04.873270","",""
"Head group","What head group does PFHxS have?","Sulfonic acid / sulfonate","1633,pfsa,high","54","2020-01-01 00:00:00.000000","2026-07-02 10:45:04.873270","",""
"Source","What source pattern is suggested by PFHxS?","PFSA patterns, especially PFOS + PFHxS + branched isomers, strongly support legacy ECF/3M-type chemistry and can be AFFF-relevant.","1633,pfsa,high","55","2020-01-01 00:00:00.000000","2026-07-02 10:45:04.873270","",""
"Fate","Is PFHxS terminal, a precursor, or an intermediate?","Terminal PFAA","1633,pfsa,high","56","2020-01-01 00:00:00.000000","2026-07-02 10:45:04.873270","",""
"Class","What PFAS class is PFHpS?","PFSA","1633,pfsa,high","57","2020-01-01 00:00:00.000000","2026-07-02 10:45:04.873270","",""
"Head group","What head group does PFHpS have?","Sulfonic acid / sulfonate","1633,pfsa,high","58","2020-01-01 00:00:00.000000","2026-07-02 10:45:04.873270","",""
"Source","What source pattern is suggested by PFHpS?","PFSA patterns, especially PFOS + PFHxS + branched isomers, strongly support legacy ECF/3M-type chemistry and can be AFFF-relevant.","1633,pfsa,high","59","2020-01-01 00:00:00.000000","2026-07-02 10:45:04.873270","",""
"Fate","Is PFHpS terminal, a precursor, or an intermediate?","Terminal PFAA","1633,pfsa,high","60","2020-01-01 00:00:00.000000","2026-07-02 10:45:04.873270","",""
"Class","What PFAS class is PFOS?","PFSA","1633,pfsa,high","61","2020-01-01 00:00:00.000000","2026-07-02 10:45:04.873270","",""
"Head group","What head group does PFOS have?","Sulfonic acid / sulfonate","1633,pfsa,high","62","2020-01-01 00:00:00.000000","2026-07-02 10:45:04.873270","",""
"Source","What source pattern is suggested by PFOS?","PFSA patterns, especially PFOS + PFHxS + branched isomers, strongly support legacy ECF/3M-type chemistry and can be AFFF-relevant.","1633,pfsa,high","63","2020-01-01 00:00:00.000000","2026-07-02 10:45:04.873270","",""
"Fate","Is PFOS terminal, a precursor, or an intermediate?","Terminal PFAA","1633,pfsa,high","64","2020-01-01 00:00:00.000000","2026-07-02 10:45:04.873270","",""
"Class","What PFAS class is PFNS?","PFSA","1633,pfsa,low","65","2020-01-01 00:00:00.000000","2026-07-02 10:45:04.873270","",""
"Head group","What head group does PFNS have?","Sulfonic acid / sulfonate","1633,pfsa,low","66","2020-01-01 00:00:00.000000","2026-07-02 10:45:04.873270","",""
"Source","What source pattern is suggested by PFNS?","PFSA patterns, especially PFOS + PFHxS + branched isomers, strongly support legacy ECF/3M-type chemistry and can be AFFF-relevant.","1633,pfsa,low","67","2020-01-01 00:00:00.000000","2026-07-02 10:45:04.873270","",""
"Fate","Is PFNS terminal, a precursor, or an intermediate?","Terminal PFAA","1633,pfsa,low","68","2020-01-01 00:00:00.000000","2026-07-02 10:45:04.873270","",""
"Class","What PFAS class is PFDS?","PFSA","1633,pfsa,low","69","2020-01-01 00:00:00.000000","2026-07-02 10:45:04.873270","",""
"Head group","What head group does PFDS have?","Sulfonic acid / sulfonate","1633,pfsa,low","70","2020-01-01 00:00:00.000000","2026-07-02 10:45:04.873270","",""
"Source","What source pattern is suggested by PFDS?","PFSA patterns, especially PFOS + PFHxS + branched isomers, strongly support legacy ECF/3M-type chemistry and can be AFFF-relevant.","1633,pfsa,low","71","2020-01-01 00:00:00.000000","2026-07-02 10:45:04.873270","",""
"Fate","Is PFDS terminal, a precursor, or an intermediate?","Terminal PFAA","1633,pfsa,low","72","2020-01-01 00:00:00.000000","2026-07-02 10:45:04.873270","",""
"Class","What PFAS class is PFDoS?","PFSA","1633,pfsa,low","73","2020-01-01 00:00:00.000000","2026-07-02 10:45:04.873270","",""
"Head group","What head group does PFDoS have?","Sulfonic acid / sulfonate","1633,pfsa,low","74","2020-01-01 00:00:00.000000","2026-07-02 10:45:04.873270","",""
"Source","What source pattern is suggested by PFDoS?","PFSA patterns, especially PFOS + PFHxS + branched isomers, strongly support legacy ECF/3M-type chemistry and can be AFFF-relevant.","1633,pfsa,low","75","2020-01-01 00:00:00.000000","2026-07-02 10:45:04.873270","",""
"Fate","Is PFDoS terminal, a precursor, or an intermediate?","Terminal PFAA","1633,pfsa,low","76","2020-01-01 00:00:00.000000","2026-07-02 10:45:04.873270","",""
"Class","What PFAS class is 4:2FTS?","FTS","1633,fts,moderate","77","2020-01-01 00:00:00.000000","2026-07-02 10:45:04.873270","",""
"Head group","What head group does 4:2FTS have?","Sulfonic acid / sulfonate with telomer spacer","1633,fts,moderate","78","2020-01-01 00:00:00.000000","2026-07-02 10:45:04.873270","",""
"Source","What source pattern is suggested by 4:2FTS?","4:2FTS is a major telomer-chemistry clue; 6:2FTS is especially important for fluorotelomer AFFF interpretation.","1633,fts,moderate","79","2020-01-01 00:00:00.000000","2026-07-02 10:45:04.873270","",""
"Fate","Is 4:2FTS terminal, a precursor, or an intermediate?","Precursor / intermediate","1633,fts,moderate","80","2020-01-01 00:00:00.000000","2026-07-02 10:45:04.873270","",""
"Class","What PFAS class is 6:2FTS?","FTS","1633,fts,high","81","2020-01-01 00:00:00.000000","2026-07-02 10:45:04.873270","",""
"Head group","What head group does 6:2FTS have?","Sulfonic acid / sulfonate with telomer spacer","1633,fts,high","82","2020-01-01 00:00:00.000000","2026-07-02 10:45:04.873270","",""
"Source","What source pattern is suggested by 6:2FTS?","6:2FTS is a major telomer-chemistry clue; 6:2FTS is especially important for fluorotelomer AFFF interpretation.","1633,fts,high","83","2020-01-01 00:00:00.000000","2026-07-02 10:45:04.873270","",""
"Fate","Is 6:2FTS terminal, a precursor, or an intermediate?","Precursor / intermediate","1633,fts,high","84","2020-01-01 00:00:00.000000","2026-07-02 10:45:04.873270","",""
"Class","What PFAS class is 8:2FTS?","FTS","1633,fts,moderate","85","2020-01-01 00:00:00.000000","2026-07-02 10:45:04.873270","",""
"Head group","What head group does 8:2FTS have?","Sulfonic acid / sulfonate with telomer spacer","1633,fts,moderate","86","2020-01-01 00:00:00.000000","2026-07-02 10:45:04.873270","",""
"Source","What source pattern is suggested by 8:2FTS?","8:2FTS is a major telomer-chemistry clue; 6:2FTS is especially important for fluorotelomer AFFF interpretation.","1633,fts,moderate","87","2020-01-01 00:00:00.000000","2026-07-02 10:45:04.873270","",""
"Fate","Is 8:2FTS terminal, a precursor, or an intermediate?","Precursor / intermediate","1633,fts,moderate","88","2020-01-01 00:00:00.000000","2026-07-02 10:45:04.873270","",""
"Class","What PFAS class is PFOSA?","FOSA","1633,fosa,moderate","89","2020-01-01 00:00:00.000000","2026-07-02 10:45:04.873270","",""
"Head group","What head group does PFOSA have?","Sulfonamide","1633,fosa,moderate","90","2020-01-01 00:00:00.000000","2026-07-02 10:45:04.873270","",""
"Source","What source pattern is suggested by PFOSA?","PFOSA supports PFOS-precursor/sulfonamide chemistry rather than simple terminal PFSA contamination.","1633,fosa,moderate","91","2020-01-01 00:00:00.000000","2026-07-02 10:45:04.873270","",""
"Fate","Is PFOSA terminal, a precursor, or an intermediate?","Precursor / intermediate","1633,fosa,moderate","92","2020-01-01 00:00:00.000000","2026-07-02 10:45:04.873270","",""
"Class","What PFAS class is NMeFOSA?","FOSA","1633,fosa,moderate","93","2020-01-01 00:00:00.000000","2026-07-02 10:45:04.873270","",""
"Head group","What head group does NMeFOSA have?","Sulfonamide","1633,fosa,moderate","94","2020-01-01 00:00:00.000000","2026-07-02 10:45:04.873270","",""
"Source","What source pattern is suggested by NMeFOSA?","NMeFOSA supports PFOS-precursor/sulfonamide chemistry rather than simple terminal PFSA contamination.","1633,fosa,moderate","95","2020-01-01 00:00:00.000000","2026-07-02 10:45:04.873270","",""
"Fate","Is NMeFOSA terminal, a precursor, or an intermediate?","Precursor / intermediate","1633,fosa,moderate","96","2020-01-01 00:00:00.000000","2026-07-02 10:45:04.873270","",""
"Class","What PFAS class is NEtFOSA?","FOSA","1633,fosa,moderate","97","2020-01-01 00:00:00.000000","2026-07-02 10:45:04.873270","",""
"Head group","What head group does NEtFOSA have?","Sulfonamide","1633,fosa,moderate","98","2020-01-01 00:00:00.000000","2026-07-02 10:45:04.873270","",""
"Source","What source pattern is suggested by NEtFOSA?","NEtFOSA supports PFOS-precursor/sulfonamide chemistry rather than simple terminal PFSA contamination.","1633,fosa,moderate","99","2020-01-01 00:00:00.000000","2026-07-02 10:45:04.873270","",""
"Fate","Is NEtFOSA terminal, a precursor, or an intermediate?","Precursor / intermediate","1633,fosa,moderate","100","2020-01-01 00:00:00.000000","2026-07-02 10:45:04.873270","",""
"Class","What PFAS class is NMeFOSAA?","FOSAA","1633,fosaa,moderate","101","2020-01-01 00:00:00.000000","2026-07-02 10:45:04.873270","",""
"Head group","What head group does NMeFOSAA have?","Sulfonamidoacetic acid","1633,fosaa,moderate","102","2020-01-01 00:00:00.000000","2026-07-02 10:45:04.873270","",""
"Source","What source pattern is suggested by NMeFOSAA?","NMeFOSAA is a strong indicator of PFOS-precursor chemistry and can explain formation of PFOS over time.","1633,fosaa,moderate","103","2020-01-01 00:00:00.000000","2026-07-02 10:45:04.873270","",""
"Fate","Is NMeFOSAA terminal, a precursor, or an intermediate?","Precursor / intermediate","1633,fosaa,moderate","104","2020-01-01 00:00:00.000000","2026-07-02 10:45:04.873270","",""
"Class","What PFAS class is NEtFOSAA?","FOSAA","1633,fosaa,moderate","105","2020-01-01 00:00:00.000000","2026-07-02 10:45:04.873270","",""
"Head group","What head group does NEtFOSAA have?","Sulfonamidoacetic acid","1633,fosaa,moderate","106","2020-01-01 00:00:00.000000","2026-07-02 10:45:04.873270","",""
"Source","What source pattern is suggested by NEtFOSAA?","NEtFOSAA is a strong indicator of PFOS-precursor chemistry and can explain formation of PFOS over time.","1633,fosaa,moderate","107","2020-01-01 00:00:00.000000","2026-07-02 10:45:04.873270","",""
"Fate","Is NEtFOSAA terminal, a precursor, or an intermediate?","Precursor / intermediate","1633,fosaa,moderate","108","2020-01-01 00:00:00.000000","2026-07-02 10:45:04.873270","",""
"Class","What PFAS class is NMeFOSE?","FOSE","1633,fose,low to moderate","109","2020-01-01 00:00:00.000000","2026-07-02 10:45:04.873270","",""
"Head group","What head group does NMeFOSE have?","Sulfonamidoethanol","1633,fose,low to moderate","110","2020-01-01 00:00:00.000000","2026-07-02 10:45:04.873270","",""
"Source","What source pattern is suggested by NMeFOSE?","NMeFOSE indicates PFOS precursor reservoirs and may imply atmospheric/indoor/product-source pathways.","1633,fose,low to moderate","111","2020-01-01 00:00:00.000000","2026-07-02 10:45:04.873270","",""
"Fate","Is NMeFOSE terminal, a precursor, or an intermediate?","Precursor","1633,fose,low to moderate","112","2020-01-01 00:00:00.000000","2026-07-02 10:45:04.873270","",""
"Class","What PFAS class is NEtFOSE?","FOSE","1633,fose,low to moderate","113","2020-01-01 00:00:00.000000","2026-07-02 10:45:04.873270","",""
"Head group","What head group does NEtFOSE have?","Sulfonamidoethanol","1633,fose,low to moderate","114","2020-01-01 00:00:00.000000","2026-07-02 10:45:04.873270","",""
"Source","What source pattern is suggested by NEtFOSE?","NEtFOSE indicates PFOS precursor reservoirs and may imply atmospheric/indoor/product-source pathways.","1633,fose,low to moderate","115","2020-01-01 00:00:00.000000","2026-07-02 10:45:04.873270","",""
"Fate","Is NEtFOSE terminal, a precursor, or an intermediate?","Precursor","1633,fose,low to moderate","116","2020-01-01 00:00:00.000000","2026-07-02 10:45:04.873270","",""
"Class","What PFAS class is HFPO-DA?","PFECA","1633,pfeca,low","117","2020-01-01 00:00:00.000000","2026-07-02 10:45:04.873270","",""
"Head group","What head group does HFPO-DA have?","Ether carboxylic acid / carboxylate","1633,pfeca,low","118","2020-01-01 00:00:00.000000","2026-07-02 10:45:04.873270","",""
"Source","What source pattern is suggested by HFPO-DA?","HFPO-DA is a strong fluoropolymer-manufacturing/replacement-chemistry indicator.","1633,pfeca,low","119","2020-01-01 00:00:00.000000","2026-07-02 10:45:04.873270","",""
"Fate","Is HFPO-DA terminal, a precursor, or an intermediate?","Terminal replacement acid","1633,pfeca,low","120","2020-01-01 00:00:00.000000","2026-07-02 10:45:04.873270","",""
"Class","What PFAS class is ADONA?","PFECA","1633,pfeca,low","121","2020-01-01 00:00:00.000000","2026-07-02 10:45:04.873270","",""
"Head group","What head group does ADONA have?","Ether carboxylic acid / carboxylate","1633,pfeca,low","122","2020-01-01 00:00:00.000000","2026-07-02 10:45:04.873270","",""
"Source","What source pattern is suggested by ADONA?","ADONA points to fluoropolymer-manufacturing replacement chemistry rather than AFFF.","1633,pfeca,low","123","2020-01-01 00:00:00.000000","2026-07-02 10:45:04.873270","",""
"Fate","Is ADONA terminal, a precursor, or an intermediate?","Terminal replacement acid","1633,pfeca,low","124","2020-01-01 00:00:00.000000","2026-07-02 10:45:04.873270","",""
"Class","What PFAS class is PFMPA?","PFECA","1633,pfeca,low","125","2020-01-01 00:00:00.000000","2026-07-02 10:45:04.873270","",""
"Head group","What head group does PFMPA have?","Ether carboxylic acid / carboxylate","1633,pfeca,low","126","2020-01-01 00:00:00.000000","2026-07-02 10:45:04.873270","",""
"Source","What source pattern is suggested by PFMPA?","PFMPA is a short-chain ether carboxylate; source-specific interpretation requires co-occurring ether PFAS.","1633,pfeca,low","127","2020-01-01 00:00:00.000000","2026-07-02 10:45:04.873270","",""
"Fate","Is PFMPA terminal, a precursor, or an intermediate?","Terminal / persistent ether acid","1633,pfeca,low","128","2020-01-01 00:00:00.000000","2026-07-02 10:45:04.873270","",""
"Class","What PFAS class is PFMBA?","PFECA","1633,pfeca,low","129","2020-01-01 00:00:00.000000","2026-07-02 10:45:04.873270","",""
"Head group","What head group does PFMBA have?","Ether carboxylic acid / carboxylate","1633,pfeca,low","130","2020-01-01 00:00:00.000000","2026-07-02 10:45:04.873270","",""
"Source","What source pattern is suggested by PFMBA?","PFMBA is a short-chain ether carboxylate; interpret with other PFECA/PFESA compounds.","1633,pfeca,low","131","2020-01-01 00:00:00.000000","2026-07-02 10:45:04.873270","",""
"Fate","Is PFMBA terminal, a precursor, or an intermediate?","Terminal / persistent ether acid","1633,pfeca,low","132","2020-01-01 00:00:00.000000","2026-07-02 10:45:04.873270","",""
"Class","What PFAS class is NFDHA?","PFECA","1633,pfeca,low","133","2020-01-01 00:00:00.000000","2026-07-02 10:45:04.873270","",""
"Head group","What head group does NFDHA have?","Ether carboxylic acid / carboxylate","1633,pfeca,low","134","2020-01-01 00:00:00.000000","2026-07-02 10:45:04.873270","",""
"Source","What source pattern is suggested by NFDHA?","NFDHA is an ether carboxylate; source interpretation is strongest when it co-occurs with other replacement ether acids.","1633,pfeca,low","135","2020-01-01 00:00:00.000000","2026-07-02 10:45:04.873270","",""
"Fate","Is NFDHA terminal, a precursor, or an intermediate?","Terminal / persistent ether acid","1633,pfeca,low","136","2020-01-01 00:00:00.000000","2026-07-02 10:45:04.873270","",""
"Class","What PFAS class is 9Cl-PF3ONS?","Cl-PFESA / PFESA","1633,cl-pfesa / pfesa,low","137","2020-01-01 00:00:00.000000","2026-07-02 10:45:04.873270","",""
"Head group","What head group does 9Cl-PF3ONS have?","Chlorinated ether sulfonic acid / sulfonate","1633,cl-pfesa / pfesa,low","138","2020-01-01 00:00:00.000000","2026-07-02 10:45:04.873270","",""
"Source","What source pattern is suggested by 9Cl-PF3ONS?","9Cl-PF3ONS is a replacement ether sulfonate; not a classic AFFF marker.","1633,cl-pfesa / pfesa,low","139","2020-01-01 00:00:00.000000","2026-07-02 10:45:04.873270","",""
"Fate","Is 9Cl-PF3ONS terminal, a precursor, or an intermediate?","Terminal / persistent ether sulfonate","1633,cl-pfesa / pfesa,low","140","2020-01-01 00:00:00.000000","2026-07-02 10:45:04.873270","",""
"Class","What PFAS class is 11Cl-PF3OUdS?","Cl-PFESA / PFESA","1633,cl-pfesa / pfesa,low","141","2020-01-01 00:00:00.000000","2026-07-02 10:45:04.873270","",""
"Head group","What head group does 11Cl-PF3OUdS have?","Chlorinated ether sulfonic acid / sulfonate","1633,cl-pfesa / pfesa,low","142","2020-01-01 00:00:00.000000","2026-07-02 10:45:04.873270","",""
"Source","What source pattern is suggested by 11Cl-PF3OUdS?","11Cl-PF3OUdS is a long-chain replacement ether sulfonate with stronger sorption/bioaccumulation concerns than shorter ether acids.","1633,cl-pfesa / pfesa,low","143","2020-01-01 00:00:00.000000","2026-07-02 10:45:04.873270","",""
"Fate","Is 11Cl-PF3OUdS terminal, a precursor, or an intermediate?","Terminal / persistent ether sulfonate","1633,cl-pfesa / pfesa,low","144","2020-01-01 00:00:00.000000","2026-07-02 10:45:04.873270","",""
"Class","What PFAS class is PFEESA?","PFESA","1633,pfesa,low","145","2020-01-01 00:00:00.000000","2026-07-02 10:45:04.873270","",""
"Head group","What head group does PFEESA have?","Ether sulfonic acid / sulfonate","1633,pfesa,low","146","2020-01-01 00:00:00.000000","2026-07-02 10:45:04.873270","",""
"Source","What source pattern is suggested by PFEESA?","PFEESA is an ether sulfonate; interpret with other ether PFAS and industrial context.","1633,pfesa,low","147","2020-01-01 00:00:00.000000","2026-07-02 10:45:04.873270","",""
"Fate","Is PFEESA terminal, a precursor, or an intermediate?","Terminal / persistent ether sulfonate","1633,pfesa,low","148","2020-01-01 00:00:00.000000","2026-07-02 10:45:04.873270","",""
"Class","What PFAS class is 3:3FTCA?","FTCA","1633,ftca,moderate","149","2020-01-01 00:00:00.000000","2026-07-02 10:45:04.873270","",""
"Head group","What head group does 3:3FTCA have?","Carboxylic acid / carboxylate with telomer spacer","1633,ftca,moderate","150","2020-01-01 00:00:00.000000","2026-07-02 10:45:04.873270","",""
"Source","What source pattern is suggested by 3:3FTCA?","3:3FTCA is a telomer transformation product and supports precursor oxidation rather than only direct terminal PFCA release.","1633,ftca,moderate","151","2020-01-01 00:00:00.000000","2026-07-02 10:45:04.873270","",""
"Fate","Is 3:3FTCA terminal, a precursor, or an intermediate?","Intermediate transformation product","1633,ftca,moderate","152","2020-01-01 00:00:00.000000","2026-07-02 10:45:04.873270","",""
"Class","What PFAS class is 5:3FTCA?","FTCA","1633,ftca,moderate","153","2020-01-01 00:00:00.000000","2026-07-02 10:45:04.873270","",""
"Head group","What head group does 5:3FTCA have?","Carboxylic acid / carboxylate with telomer spacer","1633,ftca,moderate","154","2020-01-01 00:00:00.000000","2026-07-02 10:45:04.873270","",""
"Source","What source pattern is suggested by 5:3FTCA?","5:3FTCA is a telomer transformation product and supports precursor oxidation rather than only direct terminal PFCA release.","1633,ftca,moderate","155","2020-01-01 00:00:00.000000","2026-07-02 10:45:04.873270","",""
"Fate","Is 5:3FTCA terminal, a precursor, or an intermediate?","Intermediate transformation product","1633,ftca,moderate","156","2020-01-01 00:00:00.000000","2026-07-02 10:45:04.873270","",""
"Class","What PFAS class is 7:3FTCA?","FTCA","1633,ftca,moderate","157","2020-01-01 00:00:00.000000","2026-07-02 10:45:04.873270","",""
"Head group","What head group does 7:3FTCA have?","Carboxylic acid / carboxylate with telomer spacer","1633,ftca,moderate","158","2020-01-01 00:00:00.000000","2026-07-02 10:45:04.873270","",""
"Source","What source pattern is suggested by 7:3FTCA?","7:3FTCA is a telomer transformation product and supports precursor oxidation rather than only direct terminal PFCA release.","1633,ftca,moderate","159","2020-01-01 00:00:00.000000","2026-07-02 10:45:04.873270","",""
"Fate","Is 7:3FTCA terminal, a precursor, or an intermediate?","Intermediate transformation product","1633,ftca,moderate","160","2020-01-01 00:00:00.000000","2026-07-02 10:45:04.873270","",""
"","Which chemical formula (also found in AFFF) does this represent?","Perfluoro - Octanoic Acid (PFOA). ","pfas","161","2026-07-01 10:51:39.926551","2026-07-02 10:51:39.926551","data:image/png;base64,iVBORw0KGgoAAAANSUhEUgAAAwQAAAEDCAMAAAC8vzNBAAAAbFBMVEX///8AAAD+/v75+fnx8fH29valpaXs7Ozl5eXp6emqqqrb29uFhYXHx8ceHh53d3dmZmZHR0cvLy8WFhZUVFR+fn5CQkJPT0+8vLzOzs7U1NRtbW0NDQ01NTWLi4uUlJQlJSVdXV2dnZ2zs7PRrlNfAAAgAElEQVR4nO1daYOqvA6GsLggoiIKiKLw///jaVJQcBlZWuiZ4fnw3jnemRKBtEmeLJo2YYIaAE0z547jLCzAnydM+GsAzXDszdlProfTcj4pwYS/B9AWy63OkOB/jrk1tkATJgwMACfwdf2wCVbebafr69QcW6QJEwbGnOnAehXOTXPm5BumBdl0Fkz4W7Dsq76zi90fnJWun0OYHIMJfwgQHfUE9/7ixTf3un6ajyzUhAkDAqws0W+Lx781N9HP+XQSTPhDWHjsIDAeLz1YNz25TL7xhD+EeKvv3MrGD2Dr+mY+cWYT/goA3LV+dKqfaFGiH+PRJJowYWAAhMwlqPrBoMVr/eD+5oPAeILQxeFp8U43UsgiH6G+hM+rC138zdXyFyVwdr9bCSBe1uAKvceWW1s872BYgjavrWG7QokbI6p//06n/iKvf82ZSPsZHLu2eiRXC94pQXz91UoAkK79KjyRDxAWt6S6+LUD54LHc3WNZCMwoQu02ar+/S9dlnG3NQnPkch7qGV6bfVgJmztt9eDcK3v6z6B+7t9AjAulCR1x0msEuxri+t5FyXI62vsHZFv2MKrr95NCc61Na5ilSCtS+gtvv9Rr+vFB/1cjw4tf3V0CEgJjg9bQ6w5hEqwDuzH6h02cdBCXT9my3IVOxQYseZKcKp8/04bHlOC68NmsYWaQ6gEyT57SBjJzuOZb3TffrwG7B3x9GQl9/wZFaQEHkhyu1AJdrnVy2NkxzOy9tBnjc+LkxKkWi8JSQnOC0mOMWgXnZlAsrzuNxe0MrbxL+5nNgWHdr+YMeYngcf+9w6hy5MSGL0Wp5PgNNekSFgqQc/FmRLsFnIkLJTA1KQs/v6KlDtUZA6x/1qbX20NlSeBrC/IlaDf4sVJIEfEuxL0W4YrgRyUSjAgMHnIz/DaqAjWink5+W/WgQGUIOypBNr/oQSybObhlQC0uZcwB9zBI9wM97rup5LJiXHxYg6JXZ2bQ1qfxflJsOi1xufFn82hbss8mUOCRRzaHGKYe2tdX9+8wNsydbim5i8+CIqT4LSYlxBMGDMluNr3xWedfYJNVK6B3Q8ECkhKcLl//442DSpBfP+aYndtUgLPuUs4xJ4M2izb+kVIdn1cGr9ZB4qTYHfaFPDEmh2oBP6xXHyTdXk96CTY3e4SCmUuuRIc7t8/sDp9f6YE/l3CTSj2HjIl0M/3xYNBSCtg3nF6Oh7Oh71nO99////GE1m2FnuLn8iyTZfyJDoJHkiWImOEL2RZt3O/TpZdxCvBAzt3kF0ZrzGPXdd1ZvcKs98Kbg7t9iUEO6CoBMnhvnqnpgWkBNdjucZGwklwLhc/nrqfBHcJj2IjKaQEu3L1ozdU+gK8+emXgpRgg63GCDJ8gqxc3Fl08gnQHNq4dwmFWtxcCVaP79+t3Rr6BHcJHbFeJPkEp/gu4XB9HwZ0xEdFGSJ9fCB2+TpP0C06hCeBrHyZMjrUE8gY/54QKV218vb/ekW4h0jlrF4yxn3W+G/IMkn3cBQl+EuYyLKJMX4HYx475SUXcSw3b3V0TGkTgpTg/KuUwNkkeuHfW0GiB786QPRyEkjwCcSeBKKz0yScBHIS6AaFs9d1G+8KaNZJR6fxFyvB80kAC6HBBwknAZimcJ5A6EkA2kyojzyOEtweSuD9diV4Oglmodeh9uuH5UUoQe0kMN3VUqCeSlACK16turEN7zH6SfDrlQBPAr1UAtDsq34TSZITT5D34x6ovLJUAnAP+iEWp6fCzSHQopvui0ycILJsOglkAsA+HLJSCZbYi17kRjsLzvueFC9o7uF84RYGoBLoK3EGEWhmejgv+z7iaHO+FRJqzlHHTp4CRVyeDyIfShP8LSWoRsDYG8G++zES+H0p1NZXCcw4LplsMFNf79Kz4iOYhHHvkmDLiZ1SQm3p62tbaEMM9oQGfgf/mhLUEPlqt14FLWbW6s1UOWKHO8k+FmoQDY6/5RPUAQYfyCBoNTHL1GHY6+L5CIAMCZn5puv+RZBvPJK2/+mTAJyDsEQdSewWPp+dsJ4mEoQEwBKFYTKeZeEvnwTsKFgmup8LSdk3QxnVGKDlO+YbC3koMJeR9UatO3EnESCiEbmjGKd/+iRg78VJTI830ML1zpYR1DCDREhpCbZaO4ltbFosDCn2Z+hvyeCx53sCG+41xp8+CdhREJ51Pe1dyAvaHCNNQjvTlitHaLIJ2CAN9nhvjgwJ5+wd2vRfGayMOUBjGFZ/+yTQtNmKbbS9m2mCgc9vKcGvA9pod703WnZU+cyBlWFtAORrPvqu5zrRkb2AndoT9MQfVwLQ3C371j2DG0UoU2T6QGVt2mh7j1Oc7QWHMh+AGXtztr3XnmGszh0jQPTnlcC8+P2Jf/OSiM0eqID5xszmzvqabLaur21JDUwAS+8v/SRklilzsFOR+YKN8ceVoNjE970KZXl6Q8f+Jd9X1yxitntJqDlbmR02zUvvxhCw2LBvKTBRqgX+uhKw79ufj6IeDnJMDY1MtnU/ZhvAYkfVVdJRhevHzJzf9NnFASj/YuCkoQJ/XglAwy1o22OTBCO/6nomr4k4WEE/PgqoVZAn7w0DI/N1vUfzFfYUthRiGgV/O0SKYG/IlW203evjAcOj+96e6w8XAOfch9kGDT3XayRSpucrOGwnOXcPEVMG9XWsqQB//iRgMAIMS3T94jTlYR3KnCYBBrq1PZjt5VVAGcGPAGS2O1+CeWbsJAkk8CyNMJ0E+AR2xEd1++YQs206kJz9O2cb7a3jYVNs07KapBTXmHnM6+jqF+GIpBETkKaTgKEPH1UY7HKjGmCEbC+3O44dRiY2EZWK+ukifdyOgsmzxkoZn5SA+KhtV+Kfnt8ARQkLVLVOfiNAtKfQjWQloDavebe/XqBXNV476EkJNKqPSvR1F+IfoAjiS0ZRadnFe4fZRUwK3pfLlFREhz+FjMrTRnvzJiXQyKI9IVPT+rtDSedKEasGZLbXHV5lrj4X+dVpVLN97UBKM5+MFyqPhkkJEOxN2XUxarghdRtk1iGml+3bHwWwoMSeIZ6qhQlUrXupsxdPROZKH0xKQAAk/jtkbxmXwWYd8kTVtpcCQJ/FFjr16dOltDDR/dZTGbC/hq6fxpyVN4VIOYj4b5vHK52JrV0LObm2zDbAbD8YE1sy2+3+iJJO1tKSTppgOgk4wLATPWkXJgXNRCZ2oOfH3I91az4KMHv0KqaAtMHFkHAJWhZxEs0mduZTW0wnQQmstDy2Cm7wAuChnh9oBpPw3CqbFDRnLW/mx+vlDCLP2xmVuA1vx+KKHyJMSoAwcmbaZC0eIJDe9EiYaQnQIua9e202WtCQiR3O5wSHCoDaqKmVoVc8bmel6SS4Y+El7WxTw76Kawr0HcDHm7Z4YbirehlwNrWxbMlsQ4yVfUO3nHvCdBI8gFEKr/EkZ2YBs3t3G/AgZz7kod0Ej9mtE/3RA3g4bptz7xSVk5108hWTEjxgrnxm0Ta+AcIbhX5FWz4K+9f5bSy83uDtO1ZNj4KSnxn5nZuU4A7OXG4abu1FTeWApgYx2xssl2/2WgPZukMzsVhufW3IbAOY2PcpGrvX6qQEDwDYLVoszzAoLrKndSOEVz1pVo0+FhOLzPamWb01aHnHnC2xmJTgAd6sfd/IogXAmsr+bbtagrqbnBttnZyJHYbJq1wVrHTdsNKSHWwHXeyclG6YlKACmpXkp41848V+lOxfaN6QDo+qZHAmlhthjZrxgYYNHJfjv3BTiLQKAAxuNOCjAJAWWg7DxNYubKXN+CjgTOzw5jbAkh0FWYN72K+iTyCmk6CO+bpJreu9FfMIwErLJsy207OJRnegt9ukA43ltWXAJWE6CWooO39+/bUVMrFj3CowcIf/GvcEizn5vozuqF/BnJGdngTfiiWBnHx2VI3/wk0nQQ18Et03Pgq0KNGT1UgHObX6+uqNYLj3NEZ3W0xyoglA3+4hHmkteDWJmJSgDgqT+t/y783NEDWV78GjPiv48UGBmbbLsBAJ9n7vvu4kwJNOFDgHJiV4Bt+gfuyJiTWVvr7OGidYiAb1EP7RlgbeInekmYTsBmXfmO2ikfe42aMlJiV4BoRfWizzZun7UXxOfv1oyzban/goohOETqdtBaCkpR8JALBSpsnD1OR9xaQEL+B98j/eB2byjv38sJHQOv8865H38RmRiQXA9NXs80nE50L8qMgDYlKCZwDgRut9TE3gz28zYk3st6MIaCLHqEwsYM3d9gdmG/so9Z8QJAhTiPQFYGU/jNwAmvCkt26qIBKUc+Onn3xjXlO5HLN0XYMIs0k/HQXspMDWpcNzje8xnQQv4MODtx/PcvQZglFvE7PINp+ZbXZQXLFpwLgiYnhq/bFQoCnjNwymk+ANKOPgPfFf1FSO5hWXUsT+J6ICaLz2tzC9fPA87vdqil0NBM2PFoHpJHgH5KOub3kcoALCUZjYmhga8VHv1RSZ2NVoAdwSBqYQvecBwNmOlXTyFtNJ8AZlP6HXJwiAu8Zm9OfHDiTMJn1T0s4Lb1RgYp0TMdtvRLRa1krLxnQSvAHWoyT67o1FQU7zToHnB7BM3ju/gExs9jl+OhiIcHnDbBejgVq2J5KJSQnegfnGWNL+MtcCKJ1/pcLzo2mPN+f5Xefl/43S+aVjFiT6+sV7B7A2YzJ5bzApwTsARRl3LxstmLymUoV7RHN/X8cbU2HX6F4xomgy+kyIUSNvBWoqK5h8grcAzTxSi2Wof8pLfMeSqo7F6o1CApb4noau+vwApNbX+fM9XByJyVNDRMKkBO/BtrE3+xUysftRebIKAJnr5xri2YXmVCrxEHleer1xfZFcN3p4rYZJCT4AsPPnscb2UE3smBNVnmCmz8w2GEoxsdQnCdNtq0Cv6qRATWUFZpjZxdEEbpa17Kv9iwFaRO0kah+lFB5V5vlRNrLxrARbRxkBeQu8qulDKbCv3vIENQFGevWe6wriQIHw6APL8+Y53dW5qMPEkhO1D5/G65gXuSOVOwAeRZ4qlHuqhHn07ALj/VHnJjEf030joToCMljhc7QWtMnkrgLqGFucNyjeeih3CPWE5O8UkFenqISFiOreQwR/AWF4BQWjCvVuDpT3xLAs9O6UFJA/uYeEigkJ5c6v6j0kkAYwCS0YWket0K5iOVdPDTSkZt08S1M7nI+ek/YW7LHNIpQwC+NRSwh+ghmHKGEeK8KxvMJwQptJuHRnwyrq7Kb7yQNt5/wMg1l+Oqx1XffPG1uhwNAdoFm5t70mup7s9lmbITHDwXJXR5LwerwMMky2JZhI8eW2YxLq60Pg/tzIQzBmR72KlmPzBgHEwQ414OrjDWozH2MgYKHbGW9eIaFKKTklTHublBIme/W2OtCMHF/FZL1GPdjmQ2oBU4JrsHxAwW0s3rDbssndyLVvCXazUkwLmA547OndsjBy85P+mumhAMz0yt6sFCXEHeXQcHjBYGA6YLN95HwJoyi8HNhPQ/LZTAnOGERWNzw0xxG7S4sCGzPMTMsGPSobAC5MwnRGLryF3eKVSHGtAAycPOvNDZLQZTvuXjEJNQgP2GGcJDQwCXc7oJ6iEuQK6wBgcdQ6L0K5mpE26zM7ICijz0fNJAmpxkAtcwM058xbHPMnjO/bUrF7iAXPt0URsNcWu0E7bNJJMNC1OgHzzNNH6HZ2UClzSEPlxM4m92RlwH7QDefYDAXqcHyfe8Kn5+zVobQRWDC7vmdFUhL9fri9jpRApZeqDgC2zVa2foClZ79UsYwJoGy0RwodGC6TUKVXjOnlgR1VxuPf0Sode1jlE3CYyWPUIPOygks4nQQFaB5GpRycnZWKxeFBY5vYoVrwrNbrRRnp/lM7P8UkpDTEpFr0MKyAqATLeYlR2oj/BCojq08lU8txYdKkiX6rVxSoJGBhXNQqaFRz/qh38TmqaemQIjIl8I+bErZaOeYMi9sTd6GYfABWMHYfsC8A7fJcq62YtGT0HseLztfJMk85Pna+130FCbw7mMHN/OKLaretCuqPNHIzvJ8BkK8/NQkbAngSHI4lVCndfeD/UIKVwm8Yw4qaG6srogJKcLbV9Qk0bGpSH1Cplj0LGppDnqauhG/NIcUkJHOoXow3sE/w6CT4/L8KAPfZ154m6gAdY1/fqBQSfQZVGavVWuIZ5BiP1zyh4AmqfLFKZUcvIVLNWeWOSlHSMkT6uGOLbBmr1NGHRhxWsoVAm9lZpNTGAlipXWlXwOyj1B3OLKmdBBxzLzcUOC95rQo20T/ElQ/Td13pRgLfLuKDnlReMRwQs1ekzr6oprG2um/fHylTirOeqJJ7wqXAyUSXCllmHt60XZOGFyVAjt33Rt8o7ufS/FYhCkBb7HE8b/Ebo0lXSEOvGFCbnEdEAZmN06L4hXFFhLKWEjt0POwhbJC3mz1qLUdEWURmLHf67i4haCGOqC5KVeWL+KwEvDmZvrvgiT7aHQKsJaPdFCybPTHkUUgYKyvJT7CckSU03ZjXfjKv7ppT2SL7p5HTv1AwY9RAA7u0FUcWieWcdT+dFRICppHyZhMwXwxey/gkocs3OGdDYdwC862eULgetPkA9MGrEljLPZY1HO35WPeHXdR0gyumPaITwG7PPqSMNGNh73CqJX2eHzNnrGJLenzpdc+fEzVHzWekBmZO7drxR4hO420lqI5OdthTjhAY2Mc7nZNGmO6taBvPlMPz3NG2EibAfHm8cksSjwJ9Rd4eWPGpKHkAzfBOofSt5NUc0sBJD1ghtckXYyTC4OOL061eJiQbIdu4zqvcjXlByGbOd4ibntywBmiEJ8iejWMzVy6x+dWx0+EuWLpxFF529555qBt72xljK8ErLpZYgnQxyerBoozryXajOLzg7cwf52qKVdHD30SUMDxddUw5wavPLmv2cxZGkZvtaQIznbI5PnvZijrbvhm2YrlULrjzXGPoJ4iXm2d7H0u1XH5pK9yjMIfjFqssNzQQkjl3ZLV5oTn4E8THl2+ueFqG3LDWIra56lcmId62W8g9ugVWmV03y8UY75gZeijhwTa5Ye0Ea5LweE6weJHOBD7+MNnbw28lWBriBvSSrYos9AUWv/nn7fHAHv7OLpysDEsut2ksVcLZaX10n9Zn/5yFJ6xGPaTOsE+Q3Rwz32BR/SG75yMbMRbcEZiRVshjuQFabYdVNOwTpMfnoTru0tgqg8pOevS5hIe07DfBxManfD2FA28lTMKIXrBr4JaFDczyuK25hOcg4u8dsPNsS4qaD9veAe9GfMGiZ79i7Jgh7Sx4Z09uGWNeLHEHXO+zucR7aDhR/KYCBAxmrmF1+345YNIJFmZF9IKtV3ElPgWmE2YrL8hCx6p8GOL+mxzSxYDvGB5UdEzqnlslAywm4SUILnUJXQ8V9bxyhrUr5xm+YOxIqlrTxty1L15wWcb3T5kDGF/8+5k/lHi40y2P5Hguq7kSsHCXeA/t6CE3U9SMXohbPvyBivGZlJonbIa8P/OUXrB9WE9iAuxsZVpP9AXMbGrycMiH2mrRIaZr6se8nnCLhQ4GSljPTjDzLR0P2WA1vdj+ZU8Pzp493S7sDmY+N1izoj0dD5ehhrlSfIoO+2s6ryfEcBENo34PjZjO/LU3sFVSiISljew08OIhro4xoSWZPeel+fJSv02BZ+7xik7QUzyE+wmlf8IsoTdjA98VaTO7O91xtX6eFiNLxGiD11sHr/YDvBERrbvirtuvd12KhBB7qALJ6U2exPt7aFTu+gjOC99UmMpKN7zZDkbmDd+TGl6MSeVihIGZT/I5WjS1ybzZBY33JPwth1zU5BRJP1Fx3wrogZ2iFvdQW5DzwswnS7YaYFiUDnvsfdT4YlC0TWLm0/BdMihSQx7fdik3WMteML4/MOu0pbabOXl8B1syq8Ks0y6OLm4l3OPbXeTyGsxwmNsHbj+3ipndHel1EMlOepqRo+sfs1auOGC7e9Kdkzt8TjgeXhSa8U+uzA4Kxjw78zhFy5AnD6mi4Z3c8oXE+wNFpOCGm1Gr6/CYPSnqUqbhDTMeKThmzY/SO0yK2evn1JHJGpjuiUJ6l7YhT3IkeEwuGD47kbO3OzJTIlmcBSzyW+eINZJr0YpvZK401oC9JNQeMHU6GIZopmTUZPAUyikdKUh2ekxdWgLjVkJ7NG0lku6h4ZB/xA77Dt4Hxu3L4PkcRqBeZuGGLLJMAv350DKKsHdZHe7ckJSNDP3h6EIGTdCdu7S4ou5WEhQViGQnS+gUdpMQX6vC3JNCQJYku+5vumoZ+hM2RVZP+eCuAdBGVmRSCGZV0GKOyN6ibbyrhmFAl7IE9JstOoJAeSRHesHyWedNkgjIjU/0Z5fD5KelcRu3Ocnew95CXXf5VrKKBMeciWQ/4Ta+tXtUgxCvcSa+T96Z/wPYXnjPpBB3dXR4iGtlp3Avzxt4vhj5rW3dim8LFwb9ftlvOAIqKhG069tSJL3HSfYr5/d7S5jjmZ9su7gVP0louB69PphR2EtCZjZ4+L60dyuEgDk1PtmcwuhPuBM7ByFN/Y14JZr+xNDOiRjLni9YsZhD8cHrLRdmV95J9usqEkBFQBlgWgrrvsO+6PxyJjPG7e3T4jiUnAeYBs0UuGPGO8hvMyGZFPgFIjoi/aCjM/CyoOVyqkEQqwJlkF/fiAnyAxRUA6c/BXxnJNmJ67q5loj10PC+FJkCQrZazsbxmQNC2DiUkDIp/DZUgzBga3Rh9Cc+PvI2k5srrI4OqyHOnHQWICGzM7Irz5EQxiJBhXTuvyRaQpSXsXtDsndcEqPitJWsL/2PZ7KEjoLpXuIEKRtwE4uyStpcvUJ/9rw4M5APFNUW94Jp3IQv0o/cfutSyIn4B0z8EXqnS/qznxtECuVSjsRuJTLHkjIFKApztnuGS4kDxZWugSNKvGJlnn60Toev5kb/k9Of55428izc0At2EZ0iCyWrssYYR+dVALgHpp9Xoid84VZC4VIkILvfQ3zBaD88E8kuOJgzT7f47W+52UcNCh9ovQlFc+XYMmO/pkyK4ds34gQF+8av3pX3wR2MciTOQSSHeMiJ/qSShC7L414YF9EwGYlv7EuHnP7sHC0BJNkPJcku3CRAm2hFHrL3Mk29+SKcf/P3toQSRQosbol4CAWf1A0uzuPmSXH1Lo/QcLIiCUdOLQfRn5RB0C0Yid/QPhb0qRSjk+hPUtRt1iVBGCoku2DW4SGhyRX1zBS1/VZCf0/hxGMqx3CnTAFenBZIy2X46eqWu6KNbNU64Yqqq4sXVFpqapX+bM2qcH7e5y+oLH6eojDEoDKLoy39+ciReJSxyQCyBnrXbBYjuux6kuxf5aMKyDVnSMYIFLGr6+1zaeCeqXXIhIRFf7pQSX/Gbd5k3F94FsdOXq5UcaGC/mz7nsC93pQ0XCbKvMZTu0yKe65U9xyJxhfiJpfO8xqlXejT9Rf5oaQ/m14diR3uEg5wgAEswhtPeZo3Po/J1iNL8xT2cgmbXeuRVdk0T4FnzVJ6+z4foI+zFfO0vKB5pgBu0Jxk3yLJLhWADVrSQlHHaB5jOBTnv24achac2En0exsh6QDuOzbOr8cAKyXhcK9fuowYgyIC0j9mzbYSCl/eilzKIdoUMgkpezI5pw23knsjgqvk+on7Ba2Yx/EC+WVLrxfXrIiuTkHgb/cHreAlxccPdvc8tNYyOiteadWE/sSgzW3Y6DNVWhH9eWuylSDJ7t1J9oEAC6q/TLZN5hhR/JcY1c1Q/XqgJCCJ0RlDDUr688m5ezcVmRM719WA9dJEf/Ka29VTStiLhPirFM6g4tfBbiW7EA/3J5unlLDX0dL3murboM0h8ATfvbvsq4CgmfxXt/JLNWsSmrz/wSG3fpZQ054E7i8j2g/ZgdOfZm1twzTNajKLUW7JI7QJKujP5ewhD/vyFkn4EIZtybTHYs+vgdsEFfSnf1lUHwrdQ7PCzD9I9sHziCGmKAMeQJV7qBnsJlrV3AHTLUj2N40IpMqHnXC4olYKz9485afXXswIwwf9WenDY8b5xducVnlcRi9mZfHrgPvDAy+uCFhOmAanU2BHRckqWCFVkR7tEXITif70eSZF+ZExD1PvtAkyt3R/gY7SpE0jAoESAndFzo9SbphFWXDaeGlYdE7B3qa03QQjpDmjK0L5vn56r6nA9/C0OQXLR2stM1yGj/xPw8mXIhICMP7Is403xcWLIic6nS6FcY3NW5JtNkpzUzJ0AnrFizECzGGmw4Hik2Rcg7bYUhbHOIMF7vTnrmyJOV9uipZ2SHVQV10r42GaEWIg9NgWGeUpUJNQ1NvQK1raJQXVAbC8yiLZG0iIQSk8UdfFtA+Dl8DoelEmRL8Tr/VtdBfPyhJ9JURWtInY1ZOMb/sWpnv759uN2l5uIv6hvTusolFUQCvpz6t+4B3wAVvzJOf9Zo9tL48h76qeYSHCKI9P46YF0p/lFAEHX7Dz8XbbrqmhKP1KdKSA/Uj3ELcSpqiHiDRSmyMXtjtubtsrJpyShNr8xBsRjHQX2X3LjvqJ7/QWhvD9856/h8ei/SpTgsrQHiPz9UCMrLz+smhhZuC195nrOHGImrjnzUPnS0k5Eg1FJKJ6yX/EnmuHNIwdx8Xt94g7A3anHad1biEgEdVByHdZ54S7F0mY3bCJNO1jVrgcoQnbQ0Q0+VdcFGaBr/W1lzMJIzqzMm5cuzLK0NuIyMwQ2uiBer3vM3YP4xAtE3SZX04CgUrA6U/enx/io66feDYFb9a/0vhhPkoT9aqIhsP3+Tl2vy/cAwsduWIm2mzcUWh4k2Z8uzJw4EHR6Yma9e8derGMUZqo14Sc8XuIo1PW6YLumOEEib7jb5Yx5uAUjSsqkL+LLp7HG9qCid7UkaLkEpXgIYS1QgcdCr8bBwOty+lY4z6+UgIw2PO7hhUChzsAABOISURBVFCaZiF7gMWg5LEFhEJCkmlp8SOW+cNMTzNFxmPynYxtdVs9Se8NmBx2tHqkHQrMf+L/xb74G9zcuEBYJhQshlECdpGdfl2WQTOgWdyh4Iv0Ap98c6nEbjf6NetbISQUYLEHeHqEMHCA52oYir0hyEe/3YMwoNmJfhs4KPoj2D5y1pPHlDYwwitNaR3mJKiPzGWnki29s19LhExNH6MbQXMxTDqqRHUwNWUS5hUCw1m64017f4vFTfcf06XZXpeFw5e2/ATzkuin6s428/j8R1QC985DWlJOAsPDCUGjGxafAVbKdq2xZ3P+BNDypIxjqQn2Kl31nauuhEwrN7W5yGgEs8c+L0+CEnJOgtkRp01V5VHJ0EDMgurEXIRiIvKBq7VYrVoCajSq+ejUP1JKRIi2D1+Uf+Ke9XNMSnDO3LCEJ14JQJud0c0Uu6pYYGwoVcTNfAswVuRmqgswlg9qVElgbOhc19LooF8jUoInSFGC1zmASgGVIFNr33qCxc6qQClX/QnMtmCeu9pKcNYPdQGdo+67hRIkpQIkiSQleDoJVHuYr0qgmISALEH9JFBOQvv5JFBNwnz3pATIX625Ely99FLilsjwCbZPPoFy92fhPfsE2vgMQRVgXJ59ArUEZBLmFAOsf6iSiHgSvJpDu6iIDhkWh2GmMqJD1kb309pUR+njyFvCZK+YVzU2jJGZ4meAtrwnm3AYploeAmjRWj9E1Y9mkoud2yI6PjvG4U7fOoNEhyiy4S0qUfjQu4jrsigCkF/1Q1VCxwuGb3f/A+gVO7tVnuDiDTlItwHmB32dG497aKxOtuAWc30AZPTa1VuG9N5p8cQTaIJ5Ah4jA8319WP8+PDVvh0d0faeUq2hxOzubNSKyi/YNpbdg45AXl6skoRgYpzZfNzDeMdcQZUktJids68UdQESB7YllzG+34/5Xk9KpwBZasx7UenuACB3eNLuiR3mkZ6nSiJqKSUllCKZK6amSlmVzCnw9e09J4wJrBi9xzbjg67n96cMsEx4Erg8JaBUc77/Ywj5TMO1cStDL3S3UOjuFGklTDELCTX2hh1UIz+dq+6vzEJCY7nWk1wlLcW97kRB0uIe4h29qOUaWxdfX7v3pxyye5hZEhPosCdgei5cAbo912yBTUCN+JSwc0GtNwwA749+mZOE8wvW4ykWlCcTLfFiknCG3eE9pQ6CwkTT965hYDV5zn4+quW0ANUyXrMZ3UPTXpPNKzOL1Ayxd841pLoBiLCS8njJ3Rw7uvov4cixwbwmrIQ9XPIwxFlkiafWUUV6GiRY+bkMwwz7h91itbSUwcQ5GVfPZhJiSeM5Uu0eUvZ0sk/zMM+wI8ot0l6VQJhjbEZFC3OnyMrn42c4LXdI1dohEPfGJQlvATNXUMJixjxJuD6ppwM0ZEEvRUxuSqXLE9hZQL3zilJyL+bFEPXyShFKAFj4VDbBe+Qjz+3N4eonyfUQhGpmlJr5CSX014fTUrEIN4H562Fw3LF7uD5sbDUTFCz3ckMJ/fMtVckpLoFTfLwtPuXrwSuC4EwzjufNI9JmLLe7tJ/o1MJ8T81M6qNDjbmb25mdRyrF3wvwSK62iEKU0B2hfck3cAlhFofLLFu6g3Rb7ATLCZd2tgwdtWLgJdBXjfh7uLh/ZEVu/Nj2YO66vfqLALUwfzc6tKiHLV43xQB3sQyjaMOhXCJwKSLQTQT1JOSVoFBKqIFiaRMc1fdQinRwH4tEo0Of3vaycke5G1OhoB7iKSUl26wePwOApuBeUjZNKO6hvLesL+Au4+Oj5ze1++KATTfId9uEb43qkXtLfAI46ZssDjNWxm5jPvEqe5YG2JmrTggLIL08uynYlTZSRcBhAORSUGsvW7EI9s8AK9V3ab2kGIzYO9uqBHJBW16rdDHBcDfJShUloNSYfZ1fBC0+rT31wmwScW9Gfb18+t5GlIcK3hOI2Om1qust5VEcx2m/+AL2NrE7e65t+6Bhqk6iTCTeuL2Q7KDZ7G1YKiLgAEAPO/B5/PqDTQWYZqgaVazhQcDe9+3T20TtOCrpYGMCqA+A/pSLBpj091JiMBIo07uS38c/BPP2WmLwi2HM028dppkSbPW1ckpAXa389MWHma2I8lQC2Gnr9FJRY6S+7i9VuJ/s0R71F3sN8yjW1S4svxuwKGbT/jQITFElwF4Y+i1+/hQ73eq6p8RRgPr42syEv3l7FSgpMFId06ZfPkeTbRupGSQSCcCOrDTM5cukOSWVACgv7bn4k2Blaz0JFRDXwFy09GU/BepFtE7Hp82YZYY9Pl8DggCYvKxWozw5KDq+X7+NDlVTCTTn/KlJArZmPI6f4UGlH0fn3e5ibah99ugwsfnuu9RzMJk3w5Mofy+o/TrmSOCY9y8sgIpKANTK5Pw+0wuwj7c9NuMDxtLX18t30Vq2AzOv4DJ2nhMvxli9H5iGcS21in8EA5CvocFaZxwd+uWbqqkEIXvRg7chFt7EeOzaKAAH29rP3wfcAKt/Rt5oiyqpD0EgbPedKOG9SwHlSNBIpnXQZBC9gkrA3/Pzh/eca8hq3OIa6lJwDj8Z/mjMeeO2fuaTLz6Uy/Lq9oOC7JAQYI5EUMymbRSsVlEJaJ5W+kEk3hHgPGqZJfNZ1kUT/bf/N3a8qrR4GAVYrvVDDVm+ozLLQUUaBjibNuOzaZvOnlRPCXi53eGj71t4zSMm6LAbyyTcup9/Y7GhMOl4IN83cT8GxilM6ivVF0MYTJ4jcU4bn8XKKQEysX69Wffzb4xN/IOW60+Ny55+AZDZfo2fDgeKggafo6Cc2T6pWV3QHXgKFNWTXosp3AoqAT2eH4KgvPfKbTTfGLDb0Bc+DLvKn0WM3e0GwOsffuDDmFGJzLYKhIs4YL8Ph3IkrptWo0PVU4L3TGztVzCnYp2Nto0ZWaJf7Z9KMHgzndGYbTqJkh9vEND0sr2a5aCdgM9jvkRmwN/b7aoQ1VMC6oxj/aTGQNl1x5GI/8KS+NKVAPvHXkfaaAFnNPGZjJ9/BzRkOlSZMtgf2KkxpL4R2zRuOTpUNSWgZkjHL6YO22jPejIWH2WuPjCxFXDvfj8Os82dJvvnkxK0GTLbv8Q3xrKZiErHrgHmSLT7UqopATZx898lDdVhXXQ+4nBw8GZWwTenFwyM847CR7FHiuGzb8EpqrgZn9kWBJhnWDqWbMIORLhaSsAt1c338Yo4nRfDpCOgYGK/MvGLkfgotjOgV95gEhcECva1/AKYzWsojrvZ8oaW0CFbNCCIXxdVSwkw+7dJahfxUf7b3B25AMpd+sTkVX+RmO3L8IcV9YvXve+l2DSANglUGmr8HWawPT6w3XMqhE5n3Q/m3erllVICahyuB4064c2REX2fvCMVmMV6aBBU4XzUbvBKS+Yfnhpu8AAZFhz8V9mki219lh/fB8E56cnJbesLlFBLCQz+/Jr8Ks4z0dOhHyDVVCaN+vszjT7/THhIAWi5ryfNerXB4r+rtJwd9eS8vaM4CdhR4DXNkXgDlZSAuWqciW0kDM4CGH6jxUKVU9P4P9p2A/vG7Hnun0ZI/fDLWGmZ2P9TpSVTgnO+mBVYlPO7wOjDGimkBG2ZYKzx9Qb2ChaUvNdsx6Fbi6MjBxWRmOCmo2gAv89hPGa7PVAJPhSadF9UJSUAm9dUNnyAlGM0aHCDM7Fp04OAcoyGZbbvOUEN76GBzLZa039+BikBwEvfxF7fQB0lYDY0eyCbxtmhnI+6DdiQjt0rzA5t3H2d+cb4+wOabEBM3rrFzjDDMTH/UQoRVwLBiyqjBKBZq6RdpgHWHSTZcG1U2VGVfGVia3+guVfdvwynp+yoOtDg9+b5k1hpeRu/Zrspnk4CMYsqowR8nFa78ZmYtr8djPjnNv778v9Pf4LM9qGhDyECc+9zTd47AGD7Dl2J598In32CHlBFCbAmlm2zrfKjQUMTfTVQuzf2Jl+aMbHVP0ITb7hKS8rVyNq0e+Em3kGdHsJfwJRgdwlLxGI626iiBBp0KfgzvOGIf+aD+HoStLNtwGIW1FCVlkXWXrv0aKBKywYUuBrApmz+HSsxlqYySoBM7Lnl1DR6LzFDYADp2UFw6lLbjMz2fpiNFnAWfNJS45j3jt/rf8kmRSV4QNAZq4gSAM5l+6mm8sOfaZz4lyPU06VyTLpsff5CjhbKMF4BNvJukDRUB2e22zlj44EpwXpzWXFcQjFSq6IEvKayrRScX9sMUGnJmdhvhQ7vgHzUdYiNFkwyDltfCID5Otf/JIWIR4eMAr8qOgRFt+kODzD0mfgDEP/du01TpaX8Vwy0EJOGuuyNYzDbHfGLo0OUDddp7gCf2yF9ejBo2A67Wzwdme0hegibX2sqP4DmGLxtf6wefjFZtmjFxFYB4J6HmNthXtib3CkOxfmojWQ+Cnq8yUD6s/8vfONfqwQAy+42DZgXLPmVfBRAYdN0KtkA+4qWlFTQxCH0jrr9cXh9NxJFQfxWJSiyLTt6twAx9sadydWCRZB0DiMCHXRdfOoW1yDvtmucDMAKhmW2O+O3KoGm0fPrapIS8d+szqUrwEBCqXN7Es5sX7pUvzYHWoVed5sLw6QticBR8EuVgNnM1z6MFxDPtpXKRxUTOTr/vSWZ2WZW/alXiRHVbP8Pczt+qxJAzy7ToOU/dLEWgE5MbG0BnNuhB/J8Y34Les1PxjYfN/Ub0s22v1EJqKcisxW6b0J8ePBams1dFAv3sRWAW3zCRHpZnhp590kfYRYfZpMq35DOsk+Xt0Oy+mB0JdBmt75eYzGiTlacG7Caud9AhCJ2I42PMjAfuqdbRD18lS+6B02Cno6tBAAZDv/qVx0HhsT6KHZUrZGJ6LnIMpE2PLhg8n7s39pgFZppqb5XIAEjKwEzNY5UI9nv+fHGdVLS9oEfVT1rJItKS0l8FFIl195+N/KB/uDtO1TA2CcB3fneeziAjXSbjG2MmNj+1fIA7g57CMuQkEjzHyZyNFyGM9vjDoMbB+MqAa+JPfWOoPNm5MdYjFT1lR0x1jz3LGQEIQFrKn+ayNEUhWfx9zCqEoCGDd3E5BmHHycf9wJobiKkVSFN4PGlhF/QohQwGwqoACj4L/LoxGJsn8C5nFMhL4bh7XMpyS9WfhNDpVr2Mfveb7vLwu6pY9JQHaDl21SKhIpjbJ8AzEjQZPXFXNIeBouFGAnNuaS6BxD13U3nPykwE4vRlUDghWWRZeLWVd/pVF5AGRhbCSZMGB1DK8F9L6QuacKvCh//0XEN0SJCrTtc917ij5/k3sM/sTsOrQSGWYNYIxms+uqdDGWpEj6v3klCMAUs0lTC/6lve1cMqwSgucGqiqXQFHYzry0edKE/wUlri6Ricz/D2uKXsP0LzJ7Yk4RCUwchutRWX441jHlADK0EaX3ajticMpyVV0XWRQmw5r8CX2zWW1CXMGgf1eXpghVcRRYU0QinKm7/10yzThhBCfzdA4FYJfDYK/FYfN2lQwoqQVKRcCu2v11Q+/7nDnl5XAmqEjaab9V0dRwSsX4sfvUERbBVxghKcAvdOxyh9ixTgiR9LO52qTZDJTjmjzUE9XwtwZTgFPX6/qQE6+VjjUgkR0hKsJH2hNTECEqAlbBi+8uXwJMghH6roxLc5proFvglAuw63EtCUgJMNZEiICnBypT2/ZUElXskgyrBiW6xRi+r2OVRCTDNp78SFOJJUYJVsXLH8GZdCUTHSLkSzLT7DRC5uLowM281VN+luxLIWb5Ugj4olUASSAl6oVQCOSiU4I+8+3cM+X0nJQh61sMPpASSVlcXEkjHz5eS7RMkfQdaPfkEYgXkSvBm+GIbAYf1CYSuPkErlGATOTGH6JxFPAnsuES3zEpUgn14l1B0djZTAq9cPO4UeeHRofy+iNg4PimB93hCf4Eqq2GA66ESrA8lNoIrWlEJzvfVu1UBoBI8JDyKbk2Iwwq29+/fheslJUjuEh4yofLxYdL3xW/R71eCofHEGO8EN4hAJXhg32mPfGKMRc+uqDHGnbqbPjPGgVD5SAkqbLTwRleqwXDcGubSDwNSgnNQIhXc5gaV4LYqFvfsTqYMKsHOKyVciZ58wJRg+/j+ndg8OglO5dcMxNaUkhIc7t//0qP35P8Bc3WooV/3nybg0aH5rIDg/EdSguXsvnpnnmAf3xcRzZcGmC/US0LuGLv3RcT6VdwncGQ9IfUwe8o3S4dRAs+s/FsoCsa4F4rokCz8HzzB/zCpQBBQCY6b26bATX5T4okn+D+UQPK0B5XAlKAaVh+gGeukBP+JEkhaXUEUSiCNGHrFpAT/hxL8LXMoGXYuw6QE/4cS/KHcoUkJ3mBSgj94Egx6xUkJ/g8l+GM+QT5oWwHZSnASoQRX5ZXgrK8jMeK8ro41xv/DBD9RQCU4XUrI6eRZB2j57da7zflHmNlt07c7M8Te/iKo7+Ib2Ldbz4nGoDne7SSLyQAINzf7D6TNlUCeICmhn+Q9+TtAM525PK8LZs68t4ZZc2chjyedzee9Nxtj7sjqu4pPaC7xCamHOmN8+ov9iCf8daA5lP2ptgITJjxh+OjQhAmK4SltYmxxJkwYHsOTZRMmKIZJCSb8eUxKMOHPY1KCCX8ekxJM+POYlGDCn8dsgyW5kxJM+MMwXHspr6R8woQJEyaIxj/MqfQkvLmFfQAAAABJRU5ErkJggg==",""
